{"app":["/app-4d9461bed45330526ad9.js"],"component---src-pages-404-js":["/component---src-pages-404-js-983acf19840d9a6f20f5.js"],"component---src-pages-about-js":["/component---src-pages-about-js-4bb3cff89233b5915156.js"],"component---src-pages-contact-js":["/component---src-pages-contact-js-f338f73e2a648d52ae07.js"],"component---src-pages-discography-js":["/component---src-pages-discography-js-f1e0fcf45fe5b84b98c1.js"],"component---src-pages-index-js":["/component---src-pages-index-js-dec60016ca1e5528e734.js"],"component---src-pages-press-js":["/component---src-pages-press-js-387d42ca42d092c10794.js"],"component---src-pages-studio-js":["/component---src-pages-studio-js-e7a6185ddf9da4ca0269.js"],"component---src-pages-vids-js":["/component---src-pages-vids-js-182cf134cc461164a5bb.js"]}