{"errors":[],"warnings":[],"namedChunkGroups":{"app":{"chunks":[11,0,2],"assets":["webpack-runtime-f3a81f54d44329b6ca71.js","webpack-runtime-f3a81f54d44329b6ca71.js.map","commons-73e288cdefad855d85b4.js","commons-73e288cdefad855d85b4.js.map","app-4d9461bed45330526ad9.js","app-4d9461bed45330526ad9.js.map"],"children":{},"childAssets":{}},"component---src-pages-404-js":{"chunks":[1,0,3],"assets":["styles.946d0b8269272bdb9245.css","styles-04367093563754e2a6bc.js","styles-04367093563754e2a6bc.js.map","commons-73e288cdefad855d85b4.js","commons-73e288cdefad855d85b4.js.map","component---src-pages-404-js-983acf19840d9a6f20f5.js","component---src-pages-404-js-983acf19840d9a6f20f5.js.map"],"children":{},"childAssets":{}},"component---src-pages-about-js":{"chunks":[0,4],"assets":["commons-73e288cdefad855d85b4.js","commons-73e288cdefad855d85b4.js.map","component---src-pages-about-js-4bb3cff89233b5915156.js","component---src-pages-about-js-4bb3cff89233b5915156.js.map"],"children":{},"childAssets":{}},"component---src-pages-contact-js":{"chunks":[0,5],"assets":["commons-73e288cdefad855d85b4.js","commons-73e288cdefad855d85b4.js.map","component---src-pages-contact-js-f338f73e2a648d52ae07.js","component---src-pages-contact-js-f338f73e2a648d52ae07.js.map"],"children":{},"childAssets":{}},"component---src-pages-discography-js":{"chunks":[0,6],"assets":["commons-73e288cdefad855d85b4.js","commons-73e288cdefad855d85b4.js.map","component---src-pages-discography-js-f1e0fcf45fe5b84b98c1.js","component---src-pages-discography-js-f1e0fcf45fe5b84b98c1.js.map"],"children":{},"childAssets":{}},"component---src-pages-index-js":{"chunks":[1,0,7],"assets":["styles.946d0b8269272bdb9245.css","styles-04367093563754e2a6bc.js","styles-04367093563754e2a6bc.js.map","commons-73e288cdefad855d85b4.js","commons-73e288cdefad855d85b4.js.map","component---src-pages-index-js-dec60016ca1e5528e734.js","component---src-pages-index-js-dec60016ca1e5528e734.js.map"],"children":{},"childAssets":{}},"component---src-pages-press-js":{"chunks":[0,8],"assets":["commons-73e288cdefad855d85b4.js","commons-73e288cdefad855d85b4.js.map","component---src-pages-press-js-387d42ca42d092c10794.js","component---src-pages-press-js-387d42ca42d092c10794.js.map"],"children":{},"childAssets":{}},"component---src-pages-studio-js":{"chunks":[0,9],"assets":["commons-73e288cdefad855d85b4.js","commons-73e288cdefad855d85b4.js.map","component---src-pages-studio-js-e7a6185ddf9da4ca0269.js","component---src-pages-studio-js-e7a6185ddf9da4ca0269.js.map"],"children":{},"childAssets":{}},"component---src-pages-vids-js":{"chunks":[0,10],"assets":["commons-73e288cdefad855d85b4.js","commons-73e288cdefad855d85b4.js.map","component---src-pages-vids-js-182cf134cc461164a5bb.js","component---src-pages-vids-js-182cf134cc461164a5bb.js.map"],"children":{},"childAssets":{}}},"assetsByChunkName":{"app":["webpack-runtime-f3a81f54d44329b6ca71.js","commons-73e288cdefad855d85b4.js","app-4d9461bed45330526ad9.js"],"component---src-pages-404-js":["styles.946d0b8269272bdb9245.css","styles-04367093563754e2a6bc.js","commons-73e288cdefad855d85b4.js","component---src-pages-404-js-983acf19840d9a6f20f5.js"],"component---src-pages-about-js":["commons-73e288cdefad855d85b4.js","component---src-pages-about-js-4bb3cff89233b5915156.js"],"component---src-pages-contact-js":["commons-73e288cdefad855d85b4.js","component---src-pages-contact-js-f338f73e2a648d52ae07.js"],"component---src-pages-discography-js":["commons-73e288cdefad855d85b4.js","component---src-pages-discography-js-f1e0fcf45fe5b84b98c1.js"],"component---src-pages-index-js":["styles.946d0b8269272bdb9245.css","styles-04367093563754e2a6bc.js","commons-73e288cdefad855d85b4.js","component---src-pages-index-js-dec60016ca1e5528e734.js"],"component---src-pages-press-js":["commons-73e288cdefad855d85b4.js","component---src-pages-press-js-387d42ca42d092c10794.js"],"component---src-pages-studio-js":["commons-73e288cdefad855d85b4.js","component---src-pages-studio-js-e7a6185ddf9da4ca0269.js"],"component---src-pages-vids-js":["commons-73e288cdefad855d85b4.js","component---src-pages-vids-js-182cf134cc461164a5bb.js"]}}