{"data":{"allInstaNode":{"edges":[{"node":{"original":"https://scontent-den4-1.cdninstagram.com/v/t51.2885-15/e35/101376866_256759588725480_33626690736786490_n.jpg?_nc_ht=scontent-den4-1.cdninstagram.com&_nc_cat=100&_nc_ohc=F9h8JQsI0lcAX-kRQdj&oh=6ce44c58e5579771e67d2cf3848ffbe6&oe=5F63186B","mediaType":"GraphImage","id":"CA8Zq8ipWL-"}},{"node":{"original":"https://scontent-den4-1.cdninstagram.com/v/t51.2885-15/e35/112036065_715098152672047_4358639106577510226_n.jpg?_nc_ht=scontent-den4-1.cdninstagram.com&_nc_cat=107&_nc_ohc=GJYpA52shBMAX9--ODY&oh=784d5dba3ffa92ce8ad13000cd533fe8&oe=5F3D1F0A","mediaType":"GraphVideo","id":"CC3mmXeAf9e"}},{"node":{"original":"https://scontent-den4-1.cdninstagram.com/v/t51.2885-15/e35/101021118_701719817320922_6184265401151451156_n.jpg?_nc_ht=scontent-den4-1.cdninstagram.com&_nc_cat=102&_nc_ohc=nZgmKpdY9dkAX9Xclq5&oh=9bfeb6681b28fb8cb3cf18909e1deb20&oe=5F3D7D87","mediaType":"GraphVideo","id":"CAqRp-9ARrJ"}},{"node":{"original":"https://scontent-den4-1.cdninstagram.com/v/t51.2885-15/e35/110031143_321540212218231_937696911414272055_n.jpg?_nc_ht=scontent-den4-1.cdninstagram.com&_nc_cat=107&_nc_ohc=m5nLvymhXS8AX8oeQNH&oh=ae7d605fee65155a12658cd1843b0a81&oe=5F3D7092","mediaType":"GraphVideo","id":"CC649hAgiWw"}},{"node":{"original":"https://scontent-den4-1.cdninstagram.com/v/t51.2885-15/e35/109904442_285420226229435_9191801630824064000_n.jpg?_nc_ht=scontent-den4-1.cdninstagram.com&_nc_cat=111&_nc_ohc=DhZy1b1I1RsAX_Cgj9M&oh=2c75cc6ef4222d193688f95ff5de7dc2&oe=5F3D7F21","mediaType":"GraphVideo","id":"CC80HBgAspt"}},{"node":{"original":"https://scontent-den4-1.cdninstagram.com/v/t51.2885-15/e35/109211123_734897207306325_830326593521374091_n.jpg?_nc_ht=scontent-den4-1.cdninstagram.com&_nc_cat=109&_nc_ohc=52vTuQXi46gAX8hRF4I&oh=9854192884894e10f1ddf471c3f89538&oe=5F3D1495","mediaType":"GraphVideo","id":"CCz15EVAWPl"}},{"node":{"original":"https://scontent-den4-1.cdninstagram.com/v/t51.2885-15/e35/116152471_2184570915021933_1614765065624400735_n.jpg?_nc_ht=scontent-den4-1.cdninstagram.com&_nc_cat=109&_nc_ohc=0nGB5FPsQywAX_QIFLF&oh=6b76d8a29d6bdcda7bffd36ec054b8b9&oe=5F3D53DC","mediaType":"GraphVideo","id":"CC_aNU6g8Ee"}},{"node":{"original":"https://scontent-den4-1.cdninstagram.com/v/t51.2885-15/e35/109844583_300795274376783_6331359957592451131_n.jpg?_nc_ht=scontent-den4-1.cdninstagram.com&_nc_cat=111&_nc_ohc=h7VTCxVdRmUAX8ApUjL&oh=7f606916cbe23793b38ceac78ab3d869&oe=5F3D2254","mediaType":"GraphVideo","id":"CC4qwQOgvw-"}},{"node":{"original":"https://scontent-den4-1.cdninstagram.com/v/t51.2885-15/e35/110008948_347146259610561_664909997835701429_n.jpg?_nc_ht=scontent-den4-1.cdninstagram.com&_nc_cat=109&_nc_ohc=cmIeQBMVqK8AX9zOkh6&oh=6682890641134d3fa08be4b1111eda84&oe=5F3D6725","mediaType":"GraphVideo","id":"CCwjGssAGNY"}},{"node":{"original":"https://scontent-den4-1.cdninstagram.com/v/t51.2885-15/e35/109568392_285213069256827_7385100980471209273_n.jpg?_nc_ht=scontent-den4-1.cdninstagram.com&_nc_cat=103&_nc_ohc=-VshzUDyznUAX8h5LB8&oh=aac3bc187c31474618fbabab4e4cf596&oe=5F3D57E4","mediaType":"GraphVideo","id":"CCuq4n7ARXj"}},{"node":{"original":"https://scontent-den4-1.cdninstagram.com/v/t51.2885-15/e35/97291462_713448792529348_5847574103143469138_n.jpg?_nc_ht=scontent-den4-1.cdninstagram.com&_nc_cat=104&_nc_ohc=kosES9R0YzwAX-l_K8P&oh=8789c75c2c8267e88d072c17bda7bf17&oe=5F3D34C6","mediaType":"GraphVideo","id":"CAQMQNxBS01"}},{"node":{"original":"https://scontent-den4-1.cdninstagram.com/v/t51.2885-15/e35/97273993_168455968032535_929224691391762859_n.jpg?_nc_ht=scontent-den4-1.cdninstagram.com&_nc_cat=107&_nc_ohc=pr3_cJwSlPIAX8Rzyfp&oh=c46d2332344b669a98ce6aefb22158d0&oe=5F3D71CB","mediaType":"GraphVideo","id":"CAVsqfMBCe9"}}]}}}